Brand ID,Brand
1,LA MER
2,SK-II
3,DRUNK ELEPHANT
4,IT COSMETICS
5,TATCHA
6,KIEHL'S SINCE 1851
7,FRESH
8,BELIF
9,SUNDAY RILEY
10,FARMACY
11,FIRST AID BEAUTY
12,CLINIQUE
13,BAREMINERALS
14,SHISEIDO
15,CHARLOTTE TILBURY
16,ORIGINS
17,OLEHENRIKSEN
18,JOSIE MARAN
19,FARSÁLI
20,LANEIGE
21,DR. JART+
22,GLOW RECIPE
23,HERBIVORE
24,TARTE
25,CAUDALIE
26,YOUTH TO THE PEOPLE
27,BIOSSANCE
28,ESTÉE LAUDER
29,SON & PARK
30,AMOREPACIFIC
31,BOBBI BROWN
32,ERBORIAN
33,SMASHBOX
34,GLAMGLOW
35,PETER THOMAS ROTH
36,JACK BLACK
37,PHILOSOPHY
38,PERRICONE MD
39,LANCÔME
40,ALGENIST
41,MAKE UP FOR EVER
42,KORRES
43,MURAD
44,GUERLAIN
45,DIOR
46,KORA ORGANICS
47,DR. DENNIS GROSS SKINCARE
48,REN CLEAN SKINCARE
49,KOPARI
50,CLARINS
51,NURSE JAMIE
52,LANCER
53,L'OCCITANE
54,KATE SOMERVILLE
55,SUPERGOOP!
56,SATURDAY SKIN
57,SEPHORA COLLECTION
58,MILK MAKEUP
59,DR. BRANDT SKINCARE
60,J.ONE
61,KAT VON D
62,TATA HARPER
63,GO-TO
64,BOSCIA
65,EVE LOM
66,MAKEUP ERASER
67,LAURA MERCIER
68,NEOGEN DERMALOGY
69,INDIE LEE
70,KOH GEN DO
71,VOLITION BEAUTY
72,TOO FACED
73,SKIN INC SUPPLEMENT BAR
74,NUFACE
75,KLORANE
76,BEAUTYBIO
77,NARS
78,BLITHE
79,ERNO LASZLO
80,CLARISONIC
81,FENTY BEAUTY BY RIHANNA
82,DERMADOCTOR
83,PEACE OUT
84,BIOEFFECT
85,BECCA
86,COVER FX
87,MOON JUICE
88,PRIVATE DOCTOR
89,HUM NUTRITION
90,FOREO
91,LIGHTSTIM
92,COOLA
93,OMOROVICZA
94,SUMMER FRIDAYS
95,SAND & SKY
96,TOO COOL FOR SCHOOL
97,DR ROEBUCK’S
98,SKIN LAUNDRY
99,ANTHONY
100,ST. TROPEZ TANNING ESSENTIALS
101,NATURALLY SERIOUS
102,WANDER BEAUTY
103,EDIBLE BEAUTY
104,YVES SAINT LAURENT
105,KENZOKI
106,APIVITA
107,ILIA
108,MDSOLARSCIENCES
109,MOROCCANOIL
110,TOM FORD
111,KAPLAN MD
112,CANE + AUSTIN
113,BLACK UP
114,VITA LIBERATA
115,URBAN DECAY
116,DERMAFLASH